force |force |forces,4/10/2014,20,5,0.25
force |force |forces,5/10/2014,13,2,0.15384615384615385
force |force |forces,6/10/2014,23,1,0.043478260869565216
force |force |forces,8/10/2014,21,5,0.23809523809523808
force |force |forces,30/09/2014,25,1,0.04
force |force |forces,9/10/2014,21,2,0.09523809523809523
force |force |forces,7/10/2014,23,4,0.17391304347826086
force |force |forces,2/10/2014,24,5,0.20833333333333334
force |force |forces,1/10/2014,18,3,0.16666666666666666
force |force |forces,3/10/2014,20,3,0.15
