brisbane |Brisbane,4/10/2014,20,0,0.0
brisbane |Brisbane,5/10/2014,13,0,0.0
brisbane |Brisbane,6/10/2014,23,2,0.08695652173913043
brisbane |Brisbane,8/10/2014,21,1,0.047619047619047616
brisbane |Brisbane,30/09/2014,25,3,0.12
brisbane |Brisbane,9/10/2014,21,2,0.09523809523809523
brisbane |Brisbane,7/10/2014,23,2,0.08695652173913043
brisbane |Brisbane,2/10/2014,24,1,0.041666666666666664
brisbane |Brisbane,1/10/2014,18,1,0.05555555555555555
brisbane |Brisbane,3/10/2014,20,1,0.05
