number |numbers |number,4/10/2014,20,5,0.25
number |numbers |number,5/10/2014,13,4,0.3076923076923077
number |numbers |number,6/10/2014,23,5,0.21739130434782608
number |numbers |number,8/10/2014,21,5,0.23809523809523808
number |numbers |number,30/09/2014,25,5,0.2
number |numbers |number,9/10/2014,21,5,0.23809523809523808
number |numbers |number,7/10/2014,23,5,0.21739130434782608
number |numbers |number,2/10/2014,24,5,0.20833333333333334
number |numbers |number,1/10/2014,18,9,0.5
number |numbers |number,3/10/2014,20,4,0.2
