week |Weeks |weeks |week,4/10/2014,20,12,0.6
week |Weeks |weeks |week,5/10/2014,13,5,0.38461538461538464
week |Weeks |weeks |week,6/10/2014,23,10,0.43478260869565216
week |Weeks |weeks |week,8/10/2014,21,3,0.14285714285714285
week |Weeks |weeks |week,30/09/2014,25,5,0.2
week |Weeks |weeks |week,9/10/2014,21,9,0.42857142857142855
week |Weeks |weeks |week,7/10/2014,23,9,0.391304347826087
week |Weeks |weeks |week,2/10/2014,24,7,0.2916666666666667
week |Weeks |weeks |week,1/10/2014,18,4,0.2222222222222222
week |Weeks |weeks |week,3/10/2014,20,5,0.25
