appeal |appeal |appeals,4/10/2014,20,2,0.1
appeal |appeal |appeals,5/10/2014,13,1,0.07692307692307693
appeal |appeal |appeals,6/10/2014,23,1,0.043478260869565216
appeal |appeal |appeals,8/10/2014,21,0,0.0
appeal |appeal |appeals,30/09/2014,25,1,0.04
appeal |appeal |appeals,9/10/2014,21,2,0.09523809523809523
appeal |appeal |appeals,7/10/2014,23,2,0.08695652173913043
appeal |appeal |appeals,2/10/2014,24,3,0.125
appeal |appeal |appeals,1/10/2014,18,4,0.2222222222222222
appeal |appeal |appeals,3/10/2014,20,0,0.0
